nombre,contenido,propietario,abrir,crear,cerrar,lectura,escritura,borrar
archivo1,contenido1,usuario8,True,False,False,False,True,False
archivo2,contenido2,usuario9,True,False,True,False,True,True
archivo3,contenido3,usuario8,True,False,False,False,False,False
archivo4,contenido4,usuario8,True,False,False,True,False,False
archivo5,contenido5,usuario7,True,False,True,False,True,False
archivo6,contenido6,usuario3,True,False,True,True,True,True
archivo7,contenido7,usuario9,True,False,False,True,True,True
archivo8,contenido8,usuario6,False,True,True,True,True,True
archivo9,contenido9,usuario9,False,True,True,False,False,False
archivo10,contenido10,usuario9,False,False,True,False,True,False
archivo11,contenido11,usuario3,False,False,False,True,True,False
archivo12,contenido12,usuario6,False,False,False,True,True,True
archivo13,contenido13,usuario6,False,False,False,False,True,False
archivo14,contenido14,usuario8,True,True,False,True,False,True
archivo15,contenido15,usuario10,True,False,True,True,True,True
archivo16,contenido16,usuario3,False,True,True,False,True,False
archivo17,contenido17,usuario1,True,False,False,True,False,False
archivo18,contenido18,usuario4,True,True,True,True,False,False
archivo19,contenido19,usuario6,False,True,True,False,True,True
archivo20,contenido20,usuario4,True,True,True,True,False,False
archivo21,contenido21,usuario5,False,False,False,False,True,False
archivo22,contenido22,usuario7,True,True,False,False,True,False
archivo23,contenido23,usuario4,True,False,False,False,True,False
archivo24,contenido24,usuario2,False,True,False,False,False,True
archivo25,contenido25,usuario4,False,True,False,True,True,False
archivo26,contenido26,usuario4,False,True,True,False,False,True
archivo27,contenido27,usuario9,True,True,True,False,True,False
archivo28,contenido28,usuario9,False,True,True,False,True,False
archivo29,contenido29,usuario10,True,True,True,False,True,False
archivo30,contenido30,usuario5,False,True,False,False,True,True
archivo31,contenido31,usuario9,True,False,True,False,False,True
archivo32,contenido32,usuario1,True,False,False,True,True,False
archivo33,contenido33,usuario6,False,True,True,True,True,False
archivo34,contenido34,usuario5,True,True,False,True,True,True
archivo35,contenido35,usuario3,True,False,False,False,False,True
archivo36,contenido36,usuario5,True,True,True,True,True,False
archivo37,contenido37,usuario2,False,True,True,True,True,False
archivo38,contenido38,usuario4,False,False,False,True,True,True
archivo39,contenido39,usuario7,False,True,False,False,True,False
archivo40,contenido40,usuario9,True,False,True,False,False,True
archivo41,contenido41,usuario4,True,False,True,False,False,True
archivo42,contenido42,usuario10,True,True,False,False,True,True
archivo43,contenido43,usuario10,True,False,False,True,True,True
archivo44,contenido44,usuario7,True,True,True,True,False,False
archivo45,contenido45,usuario9,True,False,False,True,False,True
archivo46,contenido46,usuario10,False,True,False,True,False,True
archivo47,contenido47,usuario2,False,False,True,False,True,True
archivo48,contenido48,usuario5,True,True,False,False,False,False
archivo49,contenido49,usuario4,False,True,True,True,True,False
archivo50,contenido50,usuario7,True,False,True,True,True,False
archivo51,contenido51,usuario6,True,True,True,True,False,True
archivo52,contenido52,usuario1,True,True,True,True,True,True
archivo53,contenido53,usuario10,True,True,True,True,True,False
archivo54,contenido54,usuario8,True,True,True,False,False,True
archivo55,contenido55,usuario4,False,False,False,True,False,False
archivo56,contenido56,usuario10,False,False,False,True,True,False
archivo57,contenido57,usuario5,True,True,False,False,True,False
archivo58,contenido58,usuario3,True,True,False,False,True,False
archivo59,contenido59,usuario4,True,True,True,True,True,True
archivo60,contenido60,usuario9,False,True,True,False,True,False
archivo61,contenido61,usuario6,False,False,True,False,False,False
archivo62,contenido62,usuario5,False,True,True,True,True,True
archivo63,contenido63,usuario7,False,True,False,False,False,True
archivo64,contenido64,usuario10,False,False,True,True,True,False
archivo65,contenido65,usuario10,True,False,True,False,True,False
archivo66,contenido66,usuario6,True,False,True,False,False,False
archivo67,contenido67,usuario2,False,True,True,False,True,False
archivo68,contenido68,usuario10,False,True,True,True,True,False
archivo69,contenido69,usuario1,True,True,False,True,False,True
archivo70,contenido70,usuario6,False,False,True,True,True,False
archivo71,contenido71,usuario5,False,False,True,False,True,False
archivo72,contenido72,usuario3,False,True,True,True,False,False
archivo73,contenido73,usuario4,True,False,False,False,True,False
archivo74,contenido74,usuario2,True,True,False,False,False,True
archivo75,contenido75,usuario9,False,False,False,False,False,False
archivo76,contenido76,usuario10,False,False,True,True,True,False
archivo77,contenido77,usuario3,False,True,True,True,True,True
archivo78,contenido78,usuario7,True,True,False,False,True,False
archivo79,contenido79,usuario7,False,False,True,True,False,False
archivo80,contenido80,usuario8,True,True,False,False,True,True
archivo81,contenido81,usuario8,True,False,False,True,True,False
archivo82,contenido82,usuario7,True,True,True,True,True,False
archivo83,contenido83,usuario1,False,True,True,True,True,True
archivo84,contenido84,usuario8,True,True,False,True,False,False
archivo85,contenido85,usuario7,True,False,False,True,True,True
archivo86,contenido86,usuario9,True,True,False,False,False,True
archivo87,contenido87,usuario2,False,True,False,False,False,False
archivo88,contenido88,usuario2,True,False,False,False,False,False
archivo89,contenido89,usuario5,False,True,True,False,False,False
archivo90,contenido90,usuario2,True,False,True,True,False,False
archivo91,contenido91,usuario3,False,True,False,False,False,False
archivo92,contenido92,usuario5,False,True,False,False,True,False
archivo93,contenido93,usuario8,False,True,False,True,True,True
archivo94,contenido94,usuario7,False,False,False,False,False,True
archivo95,contenido95,usuario3,True,True,True,True,True,True
archivo96,contenido96,usuario10,False,False,True,False,True,False
archivo97,contenido97,usuario10,True,False,True,True,True,True
archivo98,contenido98,usuario6,False,False,True,False,False,True
archivo99,contenido99,usuario4,True,False,True,True,False,True
archivo100,contenido100,usuario7,True,True,True,True,False,True
archivo101,contenido101,usuario1,False,False,True,False,False,True
archivo102,contenido102,usuario10,True,False,False,True,True,True
archivo103,contenido103,usuario1,False,False,False,False,False,True
archivo104,contenido104,usuario7,True,False,True,True,False,False
archivo105,contenido105,usuario5,False,False,False,False,False,False
archivo106,contenido106,usuario4,False,True,True,True,False,True
archivo107,contenido107,usuario8,True,True,True,False,True,False
archivo108,contenido108,usuario10,True,False,True,True,True,False
archivo109,contenido109,usuario9,True,False,True,True,True,False
archivo110,contenido110,usuario5,False,True,False,False,True,True
archivo111,contenido111,usuario7,True,False,True,False,True,True
archivo112,contenido112,usuario9,True,True,True,False,False,True
archivo113,contenido113,usuario4,True,True,False,True,False,True
archivo114,contenido114,usuario6,False,True,True,True,True,False
archivo115,contenido115,usuario9,True,False,True,True,True,False
archivo116,contenido116,usuario10,True,True,False,True,False,True
archivo117,contenido117,usuario9,True,False,True,True,False,True
archivo118,contenido118,usuario9,False,True,False,False,True,True
archivo119,contenido119,usuario4,True,True,True,False,True,True
archivo120,contenido120,usuario4,True,False,True,True,True,True
archivo121,contenido121,usuario5,False,True,False,False,True,True
archivo122,contenido122,usuario7,True,True,False,False,False,True
archivo123,contenido123,usuario3,False,False,True,True,False,True
archivo124,contenido124,usuario10,False,False,False,False,True,False
archivo125,contenido125,usuario9,True,False,False,False,True,True
archivo126,contenido126,usuario2,False,True,False,True,True,True
archivo127,contenido127,usuario1,True,False,True,False,False,False
archivo128,contenido128,usuario2,False,True,False,False,False,False
archivo129,contenido129,usuario10,True,False,True,False,False,False
archivo130,contenido130,usuario9,True,False,False,False,True,False
archivo131,contenido131,usuario9,True,False,True,False,True,True
archivo132,contenido132,usuario7,False,False,True,False,False,False
archivo133,contenido133,usuario8,False,True,False,False,True,True
archivo134,contenido134,usuario7,False,True,False,False,True,False
archivo135,contenido135,usuario3,False,True,False,False,False,True
archivo136,contenido136,usuario7,False,True,True,False,True,True
archivo137,contenido137,usuario5,True,True,False,False,False,False
archivo138,contenido138,usuario3,False,False,True,False,False,True
archivo139,contenido139,usuario7,True,False,False,False,False,False
archivo140,contenido140,usuario5,True,False,True,False,True,True
archivo141,contenido141,usuario7,False,True,False,True,False,False
archivo142,contenido142,usuario1,False,True,True,True,False,True
archivo143,contenido143,usuario9,True,True,False,False,False,True
archivo144,contenido144,usuario6,False,False,False,True,False,False
archivo145,contenido145,usuario10,False,False,True,True,True,False
archivo146,contenido146,usuario7,False,False,False,True,True,False
archivo147,contenido147,usuario7,True,False,True,True,False,True
archivo148,contenido148,usuario6,True,True,True,True,True,True
archivo149,contenido149,usuario6,True,True,False,True,True,False
archivo150,contenido150,usuario10,True,False,False,False,True,True
archivo151,contenido151,usuario9,True,True,False,True,False,False
archivo152,contenido152,usuario8,False,True,True,False,False,True
archivo153,contenido153,usuario2,True,True,True,True,False,False
archivo154,contenido154,usuario8,False,False,True,True,False,False
archivo155,contenido155,usuario2,True,True,False,False,False,True
archivo156,contenido156,usuario1,True,False,False,False,False,False
archivo157,contenido157,usuario4,True,False,True,True,True,False
archivo158,contenido158,usuario7,False,True,True,True,True,True
archivo159,contenido159,usuario4,True,True,True,False,False,True
archivo160,contenido160,usuario6,True,False,False,False,False,False
archivo161,contenido161,usuario6,False,False,False,True,True,False
archivo162,contenido162,usuario3,True,True,False,False,False,True
archivo163,contenido163,usuario2,False,False,False,True,True,True
archivo164,contenido164,usuario1,False,False,False,False,True,True
archivo165,contenido165,usuario2,False,True,True,True,True,True
archivo166,contenido166,usuario9,False,False,True,True,False,False
archivo167,contenido167,usuario7,False,True,True,True,True,False
archivo168,contenido168,usuario6,True,False,False,True,True,False
archivo169,contenido169,usuario4,False,False,True,False,False,True
archivo170,contenido170,usuario2,False,True,True,False,False,True
archivo171,contenido171,usuario3,False,False,False,True,False,False
archivo172,contenido172,usuario7,False,True,False,True,False,True
archivo173,contenido173,usuario5,True,False,False,False,True,False
archivo174,contenido174,usuario5,False,False,True,True,True,False
archivo175,contenido175,usuario10,True,True,False,False,False,True
archivo176,contenido176,usuario10,False,True,False,True,False,False
archivo177,contenido177,usuario2,False,False,False,True,True,False
archivo178,contenido178,usuario9,False,True,True,False,True,False
archivo179,contenido179,usuario7,False,True,False,True,False,True
archivo180,contenido180,usuario2,False,False,True,False,False,False
archivo181,contenido181,usuario2,True,True,True,False,True,False
archivo182,contenido182,usuario2,False,True,True,True,False,False
archivo183,contenido183,usuario5,True,True,False,True,False,True
archivo184,contenido184,usuario10,True,False,False,False,False,True
archivo185,contenido185,usuario10,True,False,False,False,True,True
archivo186,contenido186,usuario10,True,True,False,False,True,True
archivo187,contenido187,usuario4,False,False,False,True,False,True
archivo188,contenido188,usuario1,False,True,True,False,False,True
archivo189,contenido189,usuario6,True,False,True,True,False,True
archivo190,contenido190,usuario10,False,True,True,True,True,False
archivo191,contenido191,usuario8,False,False,False,False,False,False
archivo192,contenido192,usuario3,False,False,False,False,False,False
archivo193,contenido193,usuario5,True,True,True,True,False,False
archivo194,contenido194,usuario3,True,False,False,True,True,False
archivo195,contenido195,usuario9,False,True,True,True,True,False
archivo196,contenido196,usuario5,True,True,False,False,True,False
archivo197,contenido197,usuario9,False,False,False,True,False,True
archivo198,contenido198,usuario10,True,False,False,True,False,False
archivo199,contenido199,usuario4,True,True,True,False,False,True
archivo200,contenido200,usuario5,False,False,True,False,True,True
archivo201,contenido201,usuario1,False,True,False,False,True,True
archivo202,contenido202,usuario6,True,False,True,True,True,False
archivo203,contenido203,usuario7,False,False,False,False,True,True
archivo204,contenido204,usuario2,True,False,True,False,False,False
archivo205,contenido205,usuario7,True,True,False,True,True,False
archivo206,contenido206,usuario5,False,True,False,False,True,True
archivo207,contenido207,usuario1,False,True,False,True,True,True
archivo208,contenido208,usuario7,False,False,True,False,True,True
archivo209,contenido209,usuario10,True,False,False,False,False,False
archivo210,contenido210,usuario8,True,True,False,False,True,False
archivo211,contenido211,usuario4,False,True,True,True,False,False
archivo212,contenido212,usuario7,False,True,False,True,True,False
archivo213,contenido213,usuario6,False,False,False,True,False,False
archivo214,contenido214,usuario1,False,False,True,False,True,True
archivo215,contenido215,usuario2,True,True,False,True,False,False
archivo216,contenido216,usuario8,True,False,True,False,True,True
archivo217,contenido217,usuario5,True,True,False,False,False,False
archivo218,contenido218,usuario3,True,False,False,True,True,False
archivo219,contenido219,usuario9,False,True,True,True,False,True
archivo220,contenido220,usuario2,True,False,False,True,False,False
archivo221,contenido221,usuario10,True,False,True,False,False,False
archivo222,contenido222,usuario8,True,False,False,False,True,True
archivo223,contenido223,usuario5,True,True,False,True,True,True
archivo224,contenido224,usuario4,False,False,True,False,True,True
archivo225,contenido225,usuario8,False,False,False,True,True,False
archivo226,contenido226,usuario2,True,True,True,True,True,False
archivo227,contenido227,usuario9,True,True,False,False,False,True
archivo228,contenido228,usuario3,True,False,True,False,True,False
archivo229,contenido229,usuario2,False,True,False,False,True,False
archivo230,contenido230,usuario8,False,False,True,True,False,True
archivo231,contenido231,usuario9,True,True,True,True,True,True
archivo232,contenido232,usuario1,False,False,False,True,False,True
archivo233,contenido233,usuario6,True,True,False,False,False,True
archivo234,contenido234,usuario8,False,True,False,False,False,True
archivo235,contenido235,usuario6,False,True,False,True,True,False
archivo236,contenido236,usuario2,False,False,True,True,False,False
archivo237,contenido237,usuario10,False,False,False,True,False,False
archivo238,contenido238,usuario5,True,True,False,True,False,False
archivo239,contenido239,usuario6,False,False,True,False,True,True
archivo240,contenido240,usuario1,True,True,False,False,False,False
archivo241,contenido241,usuario2,False,True,True,False,False,True
archivo242,contenido242,usuario8,False,True,True,True,False,True
archivo243,contenido243,usuario8,True,True,True,True,True,True
archivo244,contenido244,usuario7,True,False,True,True,False,False
archivo245,contenido245,usuario6,True,False,False,False,False,False
archivo246,contenido246,usuario1,False,True,False,False,True,True
archivo247,contenido247,usuario1,True,True,True,False,False,True
archivo248,contenido248,usuario10,False,False,False,True,False,True
archivo249,contenido249,usuario7,False,False,False,False,False,True
archivo250,contenido250,usuario5,False,True,True,False,False,True
archivo251,contenido251,usuario7,False,False,False,False,True,True
archivo252,contenido252,usuario9,False,True,False,False,True,True
archivo253,contenido253,usuario1,True,True,False,False,False,False
archivo254,contenido254,usuario9,False,False,True,False,False,False
archivo255,contenido255,usuario10,True,True,True,False,False,False
archivo256,contenido256,usuario10,False,True,True,False,False,False
archivo257,contenido257,usuario6,True,False,False,False,False,False
archivo258,contenido258,usuario8,False,True,True,False,False,True
archivo259,contenido259,usuario2,True,False,True,True,False,False
archivo260,contenido260,usuario1,True,True,False,False,False,True
archivo261,contenido261,usuario6,True,True,True,False,False,True
archivo262,contenido262,usuario10,True,True,False,True,False,False
archivo263,contenido263,usuario10,True,True,True,False,False,False
archivo264,contenido264,usuario7,False,True,True,False,False,True
archivo265,contenido265,usuario3,False,False,False,False,False,False
archivo266,contenido266,usuario7,False,True,False,True,True,False
archivo267,contenido267,usuario2,False,True,False,True,True,False
archivo268,contenido268,usuario1,False,True,False,False,False,False
archivo269,contenido269,usuario6,True,False,True,True,False,False
archivo270,contenido270,usuario4,True,False,True,False,True,False
archivo271,contenido271,usuario9,True,False,False,False,True,False
archivo272,contenido272,usuario5,False,True,False,False,True,True
archivo273,contenido273,usuario7,True,False,False,True,True,False
archivo274,contenido274,usuario9,False,True,False,False,False,True
archivo275,contenido275,usuario7,False,True,True,False,False,False
archivo276,contenido276,usuario9,True,False,True,True,True,False
archivo277,contenido277,usuario8,False,False,False,False,True,False
archivo278,contenido278,usuario8,False,False,False,False,True,True
archivo279,contenido279,usuario8,True,True,False,False,True,False
archivo280,contenido280,usuario2,False,False,False,False,False,True
archivo281,contenido281,usuario6,True,True,True,True,True,False
archivo282,contenido282,usuario10,True,True,False,False,False,False
archivo283,contenido283,usuario4,False,False,False,False,True,True
archivo284,contenido284,usuario8,False,False,True,False,False,True
archivo285,contenido285,usuario5,True,True,True,True,False,False
archivo286,contenido286,usuario4,False,False,False,False,False,True
archivo287,contenido287,usuario5,True,True,True,True,True,True
archivo288,contenido288,usuario10,False,False,False,False,False,False
archivo289,contenido289,usuario1,True,True,True,False,True,False
archivo290,contenido290,usuario8,False,False,False,False,True,True
archivo291,contenido291,usuario6,True,False,False,False,True,False
archivo292,contenido292,usuario4,False,True,False,False,True,False
archivo293,contenido293,usuario1,False,False,True,False,False,False
archivo294,contenido294,usuario4,True,False,False,False,False,False
archivo295,contenido295,usuario9,True,True,False,False,False,False
archivo296,contenido296,usuario8,False,True,False,False,True,False
archivo297,contenido297,usuario4,True,True,True,True,True,False
archivo298,contenido298,usuario8,False,True,False,False,True,True
archivo299,contenido299,usuario9,True,False,True,False,False,True
archivo300,contenido300,usuario3,False,True,True,True,True,True
archivo301,contenido301,usuario6,False,True,False,True,False,False
archivo302,contenido302,usuario9,True,True,False,True,False,True
archivo303,contenido303,usuario4,True,False,False,True,True,False
archivo304,contenido304,usuario5,False,True,True,True,True,True
archivo305,contenido305,usuario8,True,True,True,True,True,False
archivo306,contenido306,usuario3,True,False,False,True,False,False
archivo307,contenido307,usuario4,False,True,True,True,False,True
archivo308,contenido308,usuario7,False,True,True,False,True,False
archivo309,contenido309,usuario8,True,False,False,False,False,False
archivo310,contenido310,usuario4,False,False,True,False,False,False
archivo311,contenido311,usuario7,False,False,False,True,False,False
archivo312,contenido312,usuario5,True,False,True,False,True,True
archivo313,contenido313,usuario5,False,True,False,True,True,False
archivo314,contenido314,usuario7,True,False,True,True,True,True
archivo315,contenido315,usuario10,False,True,False,False,True,False
archivo316,contenido316,usuario3,True,False,False,True,True,False
archivo317,contenido317,usuario6,False,False,True,False,False,False
archivo318,contenido318,usuario3,True,False,True,False,True,True
archivo319,contenido319,usuario10,True,True,False,False,False,False
archivo320,contenido320,usuario3,False,True,True,True,True,False
archivo321,contenido321,usuario10,True,False,False,False,True,False
archivo322,contenido322,usuario7,True,True,False,False,True,False
archivo323,contenido323,usuario2,False,False,False,True,True,True
archivo324,contenido324,usuario6,True,True,False,False,False,True
archivo325,contenido325,usuario9,True,True,True,True,True,True
archivo326,contenido326,usuario9,True,True,False,True,True,False
archivo327,contenido327,usuario10,True,False,False,False,False,False
archivo328,contenido328,usuario9,True,False,False,False,False,True
archivo329,contenido329,usuario9,True,True,False,False,True,True
archivo330,contenido330,usuario5,False,True,True,True,True,True
archivo331,contenido331,usuario6,True,False,False,False,True,True
archivo332,contenido332,usuario2,False,True,True,False,False,True
archivo333,contenido333,usuario8,False,True,False,False,False,False
archivo334,contenido334,usuario2,True,True,True,False,True,True
archivo335,contenido335,usuario2,False,True,False,True,True,False
archivo336,contenido336,usuario2,False,False,True,True,True,False
archivo337,contenido337,usuario3,True,False,True,True,True,False
archivo338,contenido338,usuario9,True,False,True,True,False,True
archivo339,contenido339,usuario8,True,False,True,True,False,True
archivo340,contenido340,usuario5,False,True,True,True,False,True
archivo341,contenido341,usuario3,True,False,False,True,False,True
archivo342,contenido342,usuario2,False,True,False,True,False,True
archivo343,contenido343,usuario1,True,False,False,True,False,True
archivo344,contenido344,usuario1,True,True,True,False,False,True
archivo345,contenido345,usuario1,False,True,False,True,False,False
archivo346,contenido346,usuario7,False,False,True,True,True,False
archivo347,contenido347,usuario4,True,False,True,False,False,True
archivo348,contenido348,usuario5,False,False,True,True,False,False
archivo349,contenido349,usuario2,False,True,True,False,True,False
archivo350,contenido350,usuario6,True,True,False,True,True,False
archivo351,contenido351,usuario6,True,False,True,False,True,False
archivo352,contenido352,usuario2,True,False,True,True,True,True
archivo353,contenido353,usuario8,True,True,True,True,False,True
archivo354,contenido354,usuario1,True,False,True,True,True,False
archivo355,contenido355,usuario10,True,True,True,True,True,True
archivo356,contenido356,usuario3,False,True,True,True,True,False
archivo357,contenido357,usuario7,True,False,False,True,True,False
archivo358,contenido358,usuario2,False,True,True,True,False,False
archivo359,contenido359,usuario7,False,True,False,True,False,False
archivo360,contenido360,usuario5,True,False,True,True,False,False
archivo361,contenido361,usuario2,True,True,True,True,False,False
archivo362,contenido362,usuario10,False,False,False,False,True,False
archivo363,contenido363,usuario6,False,True,True,True,False,True
archivo364,contenido364,usuario10,False,True,False,True,False,False
archivo365,contenido365,usuario8,False,True,False,False,False,True
archivo366,contenido366,usuario3,True,True,True,False,False,True
archivo367,contenido367,usuario6,False,False,False,False,True,True
archivo368,contenido368,usuario3,True,True,True,True,False,False
archivo369,contenido369,usuario8,False,False,False,False,True,False
archivo370,contenido370,usuario6,True,False,True,True,False,False
archivo371,contenido371,usuario10,True,True,False,False,False,True
archivo372,contenido372,usuario9,True,True,True,False,True,True
archivo373,contenido373,usuario1,True,True,True,True,True,True
archivo374,contenido374,usuario10,False,False,True,False,True,True
archivo375,contenido375,usuario6,True,False,True,False,False,True
archivo376,contenido376,usuario6,True,True,True,False,True,False
archivo377,contenido377,usuario1,True,False,True,True,True,False
archivo378,contenido378,usuario2,False,False,True,True,True,True
archivo379,contenido379,usuario2,True,True,False,True,False,False
archivo380,contenido380,usuario8,False,True,False,True,True,True
archivo381,contenido381,usuario3,True,True,True,True,False,True
archivo382,contenido382,usuario7,False,True,True,True,False,False
archivo383,contenido383,usuario3,True,False,True,False,False,True
archivo384,contenido384,usuario5,True,False,False,True,True,True
archivo385,contenido385,usuario5,False,True,False,True,True,True
archivo386,contenido386,usuario3,True,True,False,True,True,True
archivo387,contenido387,usuario7,False,False,True,False,True,False
archivo388,contenido388,usuario5,True,True,True,True,False,False
archivo389,contenido389,usuario7,False,False,False,True,False,True
archivo390,contenido390,usuario1,True,True,False,False,True,False
archivo391,contenido391,usuario2,False,False,True,False,False,True
archivo392,contenido392,usuario2,False,False,False,False,True,False
archivo393,contenido393,usuario3,False,True,False,True,True,True
archivo394,contenido394,usuario4,True,True,True,True,True,False
archivo395,contenido395,usuario10,True,True,True,True,True,True
archivo396,contenido396,usuario5,False,False,True,False,True,True
archivo397,contenido397,usuario4,False,False,False,True,True,False
archivo398,contenido398,usuario6,False,True,False,False,False,False
archivo399,contenido399,usuario5,False,True,False,True,False,True
archivo400,contenido400,usuario6,True,False,True,False,True,True
archivo401,contenido401,usuario9,True,True,True,True,True,False
archivo402,contenido402,usuario6,False,True,False,True,False,True
archivo403,contenido403,usuario7,True,False,False,False,False,True
archivo404,contenido404,usuario1,True,True,True,True,False,True
archivo405,contenido405,usuario4,False,True,True,True,True,False
archivo406,contenido406,usuario2,False,False,True,True,False,False
archivo407,contenido407,usuario7,False,True,False,True,False,True
archivo408,contenido408,usuario7,False,False,False,True,True,True
archivo409,contenido409,usuario4,True,False,True,True,False,True
archivo410,contenido410,usuario7,False,True,False,False,False,False
archivo411,contenido411,usuario9,True,False,True,False,False,True
archivo412,contenido412,usuario9,False,True,True,True,False,False
archivo413,contenido413,usuario7,False,True,False,False,False,False
archivo414,contenido414,usuario5,True,True,False,True,False,False
archivo415,contenido415,usuario5,True,False,True,False,False,True
archivo416,contenido416,usuario8,False,True,False,False,True,False
archivo417,contenido417,usuario3,False,False,True,False,True,False
archivo418,contenido418,usuario4,True,True,False,True,False,True
archivo419,contenido419,usuario8,False,False,True,False,False,True
archivo420,contenido420,usuario10,True,False,True,True,False,False
archivo421,contenido421,usuario5,True,False,True,True,False,True
archivo422,contenido422,usuario9,False,False,False,False,False,False
archivo423,contenido423,usuario2,True,True,True,True,False,True
archivo424,contenido424,usuario4,True,True,False,True,True,True
archivo425,contenido425,usuario3,True,True,False,False,False,True
archivo426,contenido426,usuario3,False,False,False,False,False,False
archivo427,contenido427,usuario10,False,True,False,True,False,False
archivo428,contenido428,usuario8,False,True,True,True,True,False
archivo429,contenido429,usuario8,True,False,True,True,False,False
archivo430,contenido430,usuario1,True,True,False,False,False,True
archivo431,contenido431,usuario6,False,True,True,False,False,False
archivo432,contenido432,usuario5,False,True,False,True,True,True
archivo433,contenido433,usuario3,True,True,False,False,True,False
archivo434,contenido434,usuario4,True,True,False,True,False,False
archivo435,contenido435,usuario3,True,False,True,True,False,False
archivo436,contenido436,usuario7,True,True,False,True,True,False
archivo437,contenido437,usuario2,False,True,True,False,False,True
archivo438,contenido438,usuario9,False,True,False,False,True,False
archivo439,contenido439,usuario6,True,False,False,False,True,True
archivo440,contenido440,usuario1,True,True,True,True,False,False
archivo441,contenido441,usuario5,False,True,True,True,False,False
archivo442,contenido442,usuario2,False,True,False,False,True,True
archivo443,contenido443,usuario6,True,False,True,True,True,True
archivo444,contenido444,usuario8,True,False,True,True,False,True
archivo445,contenido445,usuario1,False,False,True,True,True,True
archivo446,contenido446,usuario4,True,False,True,False,True,True
archivo447,contenido447,usuario8,True,False,False,True,True,False
archivo448,contenido448,usuario4,False,False,True,True,False,True
archivo449,contenido449,usuario4,False,False,True,False,True,True
archivo450,contenido450,usuario4,True,True,False,True,True,False
archivo451,contenido451,usuario10,True,False,False,True,True,True
archivo452,contenido452,usuario8,False,True,True,True,True,False
archivo453,contenido453,usuario1,False,False,False,False,True,True
archivo454,contenido454,usuario7,True,False,True,False,True,True
archivo455,contenido455,usuario2,False,True,True,True,True,True
archivo456,contenido456,usuario4,True,False,False,True,False,False
archivo457,contenido457,usuario4,True,False,False,False,False,False
archivo458,contenido458,usuario4,True,True,False,False,False,True
archivo459,contenido459,usuario6,True,False,True,True,False,False
archivo460,contenido460,usuario6,True,False,True,False,False,False
archivo461,contenido461,usuario3,False,True,False,True,False,False
archivo462,contenido462,usuario2,False,False,True,False,False,False
archivo463,contenido463,usuario2,True,False,False,True,False,True
archivo464,contenido464,usuario5,True,True,True,False,True,True
archivo465,contenido465,usuario4,True,False,True,True,True,False
archivo466,contenido466,usuario9,False,True,False,True,False,False
archivo467,contenido467,usuario9,True,False,True,False,True,True
archivo468,contenido468,usuario1,True,False,False,False,False,True
archivo469,contenido469,usuario8,False,True,False,False,False,True
archivo470,contenido470,usuario6,True,True,True,False,True,True
archivo471,contenido471,usuario9,True,False,True,True,False,False
archivo472,contenido472,usuario8,True,True,False,True,False,False
archivo473,contenido473,usuario8,True,True,False,True,True,False
archivo474,contenido474,usuario1,True,True,False,False,False,True
archivo475,contenido475,usuario2,True,True,False,False,False,True
archivo476,contenido476,usuario5,False,False,False,True,False,False
archivo477,contenido477,usuario4,False,True,False,True,False,True
archivo478,contenido478,usuario8,True,True,True,True,True,False
archivo479,contenido479,usuario2,True,False,False,True,False,False
archivo480,contenido480,usuario6,True,False,False,False,False,True
archivo481,contenido481,usuario7,True,False,True,False,False,False
archivo482,contenido482,usuario10,False,True,False,False,True,False
archivo483,contenido483,usuario3,True,False,False,False,False,True
archivo484,contenido484,usuario6,True,False,True,False,True,False
archivo485,contenido485,usuario3,True,True,True,False,False,False
archivo486,contenido486,usuario2,False,False,False,True,False,True
archivo487,contenido487,usuario2,True,False,True,True,False,False
archivo488,contenido488,usuario2,False,False,False,True,False,True
archivo489,contenido489,usuario9,True,True,True,True,True,False
archivo490,contenido490,usuario7,False,False,False,False,True,True
archivo491,contenido491,usuario4,True,True,True,False,True,True
archivo492,contenido492,usuario10,True,True,True,True,False,True
archivo493,contenido493,usuario6,False,True,True,False,False,False
archivo494,contenido494,usuario7,False,True,True,False,True,False
archivo495,contenido495,usuario3,False,False,True,True,False,True
archivo496,contenido496,usuario5,True,False,False,False,True,False
archivo497,contenido497,usuario6,False,False,False,True,False,False
archivo498,contenido498,usuario4,False,False,False,True,False,False
archivo499,contenido499,usuario4,False,True,False,True,True,True
archivo500,contenido500,usuario9,True,False,False,False,False,False
archivo501,contenido501,usuario2,True,False,False,True,True,True
archivo502,contenido502,usuario8,False,True,True,True,True,False
archivo503,contenido503,usuario1,False,True,True,True,False,True
archivo504,contenido504,usuario3,False,True,True,False,True,False
archivo505,contenido505,usuario4,True,True,False,True,True,True
archivo506,contenido506,usuario5,False,False,False,True,True,False
archivo507,contenido507,usuario8,True,True,True,False,False,False
archivo508,contenido508,usuario1,True,True,False,False,False,False
archivo509,contenido509,usuario2,False,True,True,False,False,True
archivo510,contenido510,usuario3,False,False,True,True,False,False
archivo511,contenido511,usuario1,False,False,True,True,True,False
archivo512,contenido512,usuario6,False,True,False,True,True,False
archivo513,contenido513,usuario3,True,False,False,True,False,False
archivo514,contenido514,usuario1,True,True,False,True,True,False
archivo515,contenido515,usuario3,False,True,False,False,False,True
archivo516,contenido516,usuario3,True,True,True,True,False,False
archivo517,contenido517,usuario4,False,True,False,True,True,True
archivo518,contenido518,usuario2,True,True,True,False,False,False
archivo519,contenido519,usuario1,False,False,True,False,False,True
archivo520,contenido520,usuario7,True,True,False,False,False,False
archivo521,contenido521,usuario3,False,True,True,False,False,False
archivo522,contenido522,usuario4,False,False,True,False,True,True
archivo523,contenido523,usuario6,False,True,False,True,False,True
archivo524,contenido524,usuario1,True,True,False,True,True,False
archivo525,contenido525,usuario4,True,True,True,True,True,True
archivo526,contenido526,usuario3,True,False,True,False,False,False
archivo527,contenido527,usuario8,True,True,True,False,False,False
archivo528,contenido528,usuario1,True,True,False,True,False,False
archivo529,contenido529,usuario3,False,False,False,True,True,True
archivo530,contenido530,usuario1,False,True,False,True,False,False
archivo531,contenido531,usuario6,True,True,False,False,True,True
archivo532,contenido532,usuario8,False,True,False,False,True,False
archivo533,contenido533,usuario3,False,True,True,False,False,True
archivo534,contenido534,usuario10,False,False,False,True,False,True
archivo535,contenido535,usuario2,True,False,True,True,True,False
archivo536,contenido536,usuario8,True,True,False,True,False,False
archivo537,contenido537,usuario4,True,True,True,True,False,False
archivo538,contenido538,usuario7,False,False,False,True,True,True
archivo539,contenido539,usuario2,True,False,True,False,True,True
archivo540,contenido540,usuario5,True,False,True,False,True,True
archivo541,contenido541,usuario1,True,True,True,True,False,False
archivo542,contenido542,usuario9,False,False,True,True,True,False
archivo543,contenido543,usuario3,True,False,False,False,True,True
archivo544,contenido544,usuario3,True,False,False,True,False,False
archivo545,contenido545,usuario7,False,False,True,True,True,False
archivo546,contenido546,usuario2,False,True,False,True,False,False
archivo547,contenido547,usuario10,False,False,True,False,False,False
archivo548,contenido548,usuario7,True,True,False,True,False,False
archivo549,contenido549,usuario8,True,False,True,True,False,False
archivo550,contenido550,usuario9,True,True,True,False,True,False
archivo551,contenido551,usuario2,False,False,False,True,True,True
archivo552,contenido552,usuario6,False,False,False,True,True,False
archivo553,contenido553,usuario6,True,False,True,False,True,True
archivo554,contenido554,usuario8,False,True,False,True,False,True
archivo555,contenido555,usuario7,True,True,True,False,False,True
archivo556,contenido556,usuario10,False,False,False,True,False,True
archivo557,contenido557,usuario4,True,True,True,False,False,True
archivo558,contenido558,usuario10,True,True,False,False,False,False
archivo559,contenido559,usuario8,True,True,False,False,True,True
archivo560,contenido560,usuario1,False,True,False,True,True,False
archivo561,contenido561,usuario1,True,True,False,True,False,False
archivo562,contenido562,usuario7,False,True,False,False,True,True
archivo563,contenido563,usuario10,True,False,False,True,False,False
archivo564,contenido564,usuario9,False,True,False,True,False,False
archivo565,contenido565,usuario3,False,False,True,True,False,True
archivo566,contenido566,usuario3,True,False,True,True,False,False
archivo567,contenido567,usuario3,True,False,True,False,True,False
archivo568,contenido568,usuario1,True,False,False,True,True,False
archivo569,contenido569,usuario7,False,False,False,True,False,True
archivo570,contenido570,usuario4,True,True,False,False,True,False
archivo571,contenido571,usuario10,True,False,True,False,False,True
archivo572,contenido572,usuario10,False,True,True,False,False,False
archivo573,contenido573,usuario2,True,True,True,False,False,True
archivo574,contenido574,usuario1,False,True,False,False,True,False
archivo575,contenido575,usuario1,False,True,True,False,True,False
archivo576,contenido576,usuario8,True,False,False,True,False,False
archivo577,contenido577,usuario8,True,True,True,True,False,False
archivo578,contenido578,usuario4,False,True,False,True,True,False
archivo579,contenido579,usuario8,True,False,False,True,True,True
archivo580,contenido580,usuario8,True,False,False,False,True,False
archivo581,contenido581,usuario10,True,True,True,True,True,True
archivo582,contenido582,usuario10,False,True,True,True,False,False
archivo583,contenido583,usuario1,False,True,False,True,False,False
archivo584,contenido584,usuario6,True,False,True,False,True,False
archivo585,contenido585,usuario8,False,False,False,False,True,True
archivo586,contenido586,usuario2,True,False,True,False,False,True
archivo587,contenido587,usuario5,False,True,True,False,False,False
archivo588,contenido588,usuario1,True,True,False,True,True,False
archivo589,contenido589,usuario3,False,True,False,True,True,True
archivo590,contenido590,usuario6,True,True,False,False,False,True
archivo591,contenido591,usuario8,False,True,False,True,True,True
archivo592,contenido592,usuario7,False,False,False,True,True,False
archivo593,contenido593,usuario10,True,False,False,False,True,True
archivo594,contenido594,usuario5,False,False,False,False,True,True
archivo595,contenido595,usuario3,True,True,True,False,False,True
archivo596,contenido596,usuario5,True,True,True,True,True,True
archivo597,contenido597,usuario6,True,True,True,False,False,True
archivo598,contenido598,usuario9,False,False,False,True,True,False
archivo599,contenido599,usuario7,True,False,False,False,True,False
archivo600,contenido600,usuario5,True,True,True,False,True,False
archivo601,contenido601,usuario2,True,True,True,True,False,False
archivo602,contenido602,usuario8,True,True,True,True,False,True
archivo603,contenido603,usuario2,False,True,True,True,False,False
archivo604,contenido604,usuario1,True,True,True,True,True,False
archivo605,contenido605,usuario9,False,True,False,True,False,True
archivo606,contenido606,usuario8,False,True,False,False,True,True
archivo607,contenido607,usuario2,True,False,True,True,True,True
archivo608,contenido608,usuario7,True,False,False,False,True,False
archivo609,contenido609,usuario9,False,False,True,False,True,False
archivo610,contenido610,usuario2,False,True,False,True,False,True
archivo611,contenido611,usuario2,False,True,False,True,True,True
archivo612,contenido612,usuario4,True,True,True,False,True,True
archivo613,contenido613,usuario10,True,True,True,True,False,False
archivo614,contenido614,usuario3,True,False,True,True,False,False
archivo615,contenido615,usuario10,False,True,True,True,True,False
archivo616,contenido616,usuario4,True,False,False,False,False,True
archivo617,contenido617,usuario4,True,False,False,False,False,True
archivo618,contenido618,usuario3,True,True,False,False,True,False
archivo619,contenido619,usuario6,False,True,False,False,False,True
archivo620,contenido620,usuario8,True,False,False,False,True,True
archivo621,contenido621,usuario6,False,True,False,True,False,True
archivo622,contenido622,usuario10,False,False,False,True,True,True
archivo623,contenido623,usuario8,False,False,True,True,True,False
archivo624,contenido624,usuario2,True,True,True,True,False,True
archivo625,contenido625,usuario5,False,True,True,False,False,True
archivo626,contenido626,usuario6,False,True,True,False,True,False
archivo627,contenido627,usuario7,False,False,False,False,True,False
archivo628,contenido628,usuario5,True,False,False,False,True,True
archivo629,contenido629,usuario4,True,False,False,False,False,False
archivo630,contenido630,usuario4,False,True,True,True,True,False
archivo631,contenido631,usuario5,False,False,False,True,False,False
archivo632,contenido632,usuario5,False,True,True,False,False,False
archivo633,contenido633,usuario7,False,True,True,True,True,True
archivo634,contenido634,usuario1,False,False,False,True,False,False
archivo635,contenido635,usuario7,True,False,True,False,True,False
archivo636,contenido636,usuario3,True,False,True,True,True,True
archivo637,contenido637,usuario2,False,False,False,True,True,True
archivo638,contenido638,usuario9,False,False,False,False,False,False
archivo639,contenido639,usuario1,True,False,False,False,False,False
archivo640,contenido640,usuario4,False,False,True,False,True,True
archivo641,contenido641,usuario5,True,False,True,False,False,False
archivo642,contenido642,usuario1,True,False,False,False,True,True
archivo643,contenido643,usuario6,True,False,True,True,True,True
archivo644,contenido644,usuario4,True,True,False,False,True,False
archivo645,contenido645,usuario7,True,False,False,False,True,False
archivo646,contenido646,usuario7,False,True,False,True,True,False
archivo647,contenido647,usuario2,False,True,True,True,False,False
archivo648,contenido648,usuario7,True,True,True,True,True,False
archivo649,contenido649,usuario10,True,True,True,False,False,True
archivo650,contenido650,usuario10,True,False,True,False,True,False
archivo651,contenido651,usuario8,False,True,False,False,True,False
archivo652,contenido652,usuario10,False,True,False,False,False,False
archivo653,contenido653,usuario5,True,True,True,False,True,False
archivo654,contenido654,usuario1,False,False,True,True,False,True
archivo655,contenido655,usuario10,False,True,False,False,True,False
archivo656,contenido656,usuario1,True,False,True,False,True,False
archivo657,contenido657,usuario6,True,True,True,True,True,True
archivo658,contenido658,usuario3,True,False,True,True,True,False
archivo659,contenido659,usuario2,True,True,True,True,False,False
archivo660,contenido660,usuario5,False,False,False,True,True,True
archivo661,contenido661,usuario3,True,False,True,False,True,False
archivo662,contenido662,usuario1,True,False,True,False,False,False
archivo663,contenido663,usuario3,True,True,False,True,True,False
archivo664,contenido664,usuario4,False,False,False,True,False,True
archivo665,contenido665,usuario4,False,False,False,False,False,True
archivo666,contenido666,usuario7,True,False,False,False,True,False
archivo667,contenido667,usuario3,True,True,False,False,True,True
archivo668,contenido668,usuario9,False,False,True,False,False,True
archivo669,contenido669,usuario3,False,False,False,True,False,False
archivo670,contenido670,usuario6,True,False,False,True,False,True
archivo671,contenido671,usuario5,True,True,True,True,True,True
archivo672,contenido672,usuario2,False,False,False,True,True,False
archivo673,contenido673,usuario7,True,True,False,True,True,False
archivo674,contenido674,usuario4,False,True,False,True,True,True
archivo675,contenido675,usuario6,True,True,True,False,True,True
archivo676,contenido676,usuario3,True,True,True,False,False,True
archivo677,contenido677,usuario5,False,False,False,False,False,True
archivo678,contenido678,usuario9,True,True,True,True,False,True
archivo679,contenido679,usuario10,False,True,False,False,False,False
archivo680,contenido680,usuario1,True,False,False,True,False,False
archivo681,contenido681,usuario2,False,True,True,True,False,True
archivo682,contenido682,usuario4,True,True,False,False,False,False
archivo683,contenido683,usuario8,True,False,False,False,False,True
archivo684,contenido684,usuario2,True,True,False,True,True,True
archivo685,contenido685,usuario8,False,True,False,True,True,True
archivo686,contenido686,usuario8,False,False,True,True,True,False
archivo687,contenido687,usuario6,False,True,True,False,False,True
archivo688,contenido688,usuario3,True,True,False,True,True,False
archivo689,contenido689,usuario4,True,False,False,True,False,True
archivo690,contenido690,usuario8,False,True,True,True,False,False
archivo691,contenido691,usuario8,False,False,False,False,True,False
archivo692,contenido692,usuario6,False,True,False,True,False,False
archivo693,contenido693,usuario1,True,True,False,False,True,False
archivo694,contenido694,usuario8,True,False,False,False,False,True
archivo695,contenido695,usuario10,False,False,False,False,False,True
archivo696,contenido696,usuario8,False,False,False,True,True,True
archivo697,contenido697,usuario6,False,False,True,True,True,False
archivo698,contenido698,usuario7,False,False,True,True,True,False
archivo699,contenido699,usuario7,False,True,True,True,True,False
archivo700,contenido700,usuario2,False,True,True,True,True,True
archivo701,contenido701,usuario3,False,False,False,True,False,True
archivo702,contenido702,usuario7,False,True,False,False,True,True
archivo703,contenido703,usuario7,False,False,False,False,True,False
archivo704,contenido704,usuario8,True,False,True,True,False,False
archivo705,contenido705,usuario6,False,False,False,True,True,False
archivo706,contenido706,usuario4,True,True,True,False,False,False
archivo707,contenido707,usuario10,False,False,True,False,True,True
archivo708,contenido708,usuario9,True,False,True,False,False,True
archivo709,contenido709,usuario3,False,True,False,True,True,True
archivo710,contenido710,usuario3,True,False,False,True,False,False
archivo711,contenido711,usuario8,True,False,False,True,True,False
archivo712,contenido712,usuario10,False,True,False,False,True,False
archivo713,contenido713,usuario6,True,False,False,True,False,False
archivo714,contenido714,usuario2,False,True,False,True,True,False
archivo715,contenido715,usuario6,False,True,True,True,True,True
archivo716,contenido716,usuario5,True,False,True,True,False,False
archivo717,contenido717,usuario8,False,True,True,False,False,True
archivo718,contenido718,usuario5,False,False,True,True,True,False
archivo719,contenido719,usuario1,True,False,True,False,True,True
archivo720,contenido720,usuario9,True,True,False,False,False,False
archivo721,contenido721,usuario8,False,False,True,True,False,False
archivo722,contenido722,usuario10,True,False,True,True,False,False
archivo723,contenido723,usuario1,True,True,True,True,False,False
archivo724,contenido724,usuario4,True,True,True,True,False,False
archivo725,contenido725,usuario2,False,True,False,False,True,False
archivo726,contenido726,usuario9,True,False,False,True,True,True
archivo727,contenido727,usuario9,False,False,False,False,True,False
archivo728,contenido728,usuario8,True,True,False,True,False,False
archivo729,contenido729,usuario9,False,False,False,False,False,False
archivo730,contenido730,usuario6,False,True,True,False,True,False
archivo731,contenido731,usuario4,False,True,True,False,False,False
archivo732,contenido732,usuario3,True,True,True,False,True,True
archivo733,contenido733,usuario10,True,True,False,False,True,True
archivo734,contenido734,usuario3,True,False,True,True,True,True
archivo735,contenido735,usuario9,False,False,False,True,True,True
archivo736,contenido736,usuario8,False,True,True,True,False,True
archivo737,contenido737,usuario3,False,False,False,True,True,True
archivo738,contenido738,usuario8,True,True,True,True,False,False
archivo739,contenido739,usuario7,False,True,False,False,False,False
archivo740,contenido740,usuario10,True,False,True,True,True,False
archivo741,contenido741,usuario8,False,False,True,False,False,True
archivo742,contenido742,usuario3,False,False,False,False,True,False
archivo743,contenido743,usuario10,True,True,False,True,False,True
archivo744,contenido744,usuario10,True,True,False,False,True,False
archivo745,contenido745,usuario7,True,False,True,False,True,True
archivo746,contenido746,usuario3,False,False,False,False,True,True
archivo747,contenido747,usuario2,False,True,False,True,False,False
archivo748,contenido748,usuario10,False,True,True,False,False,True
archivo749,contenido749,usuario2,True,True,False,False,True,True
archivo750,contenido750,usuario4,True,False,True,False,True,True
archivo751,contenido751,usuario7,False,False,False,False,True,True
archivo752,contenido752,usuario3,False,False,False,False,False,False
archivo753,contenido753,usuario7,True,True,False,False,True,True
archivo754,contenido754,usuario4,True,True,True,True,False,True
archivo755,contenido755,usuario3,False,True,False,False,True,True
archivo756,contenido756,usuario4,True,True,True,True,True,True
archivo757,contenido757,usuario3,False,False,False,True,False,False
archivo758,contenido758,usuario7,False,True,True,False,True,True
archivo759,contenido759,usuario6,True,True,False,False,True,False
archivo760,contenido760,usuario6,True,True,False,True,False,False
archivo761,contenido761,usuario1,False,False,True,True,False,True
archivo762,contenido762,usuario3,False,True,True,True,False,False
archivo763,contenido763,usuario1,True,True,True,True,True,False
archivo764,contenido764,usuario8,False,True,True,True,False,True
archivo765,contenido765,usuario2,False,True,False,False,False,False
archivo766,contenido766,usuario3,True,True,True,True,False,False
archivo767,contenido767,usuario3,True,True,False,False,True,False
archivo768,contenido768,usuario7,False,True,False,True,True,False
archivo769,contenido769,usuario3,False,False,False,False,True,True
archivo770,contenido770,usuario1,False,True,True,True,True,True
archivo771,contenido771,usuario1,False,True,False,True,False,False
archivo772,contenido772,usuario7,False,False,True,True,True,False
archivo773,contenido773,usuario4,True,False,True,False,True,False
archivo774,contenido774,usuario1,False,True,False,True,False,True
archivo775,contenido775,usuario8,False,True,False,False,False,True
archivo776,contenido776,usuario10,True,False,True,False,True,True
archivo777,contenido777,usuario2,True,True,True,True,True,True
archivo778,contenido778,usuario10,True,True,True,True,True,True
archivo779,contenido779,usuario4,True,False,False,True,False,False
archivo780,contenido780,usuario9,False,False,False,False,False,False
archivo781,contenido781,usuario4,True,True,True,False,False,False
archivo782,contenido782,usuario3,True,False,False,False,False,True
archivo783,contenido783,usuario5,False,False,True,True,False,True
archivo784,contenido784,usuario2,False,False,False,True,True,False
archivo785,contenido785,usuario10,True,True,True,True,False,True
archivo786,contenido786,usuario6,True,False,False,False,True,False
archivo787,contenido787,usuario4,False,False,False,False,True,False
archivo788,contenido788,usuario9,False,False,True,True,False,True
archivo789,contenido789,usuario9,False,False,True,False,True,True
archivo790,contenido790,usuario1,True,False,True,False,False,True
archivo791,contenido791,usuario8,False,True,False,False,False,True
archivo792,contenido792,usuario4,True,False,True,True,False,False
archivo793,contenido793,usuario9,True,True,False,True,False,False
archivo794,contenido794,usuario5,True,False,True,True,False,True
archivo795,contenido795,usuario3,False,True,True,False,False,True
archivo796,contenido796,usuario9,False,True,True,True,False,True
archivo797,contenido797,usuario2,False,True,False,False,False,False
archivo798,contenido798,usuario2,True,False,False,False,True,True
archivo799,contenido799,usuario10,False,False,False,False,False,True
archivo800,contenido800,usuario2,False,False,False,False,False,True
archivo801,contenido801,usuario7,False,False,False,False,True,True
archivo802,contenido802,usuario5,False,False,True,True,False,True
archivo803,contenido803,usuario6,False,True,False,True,False,True
archivo804,contenido804,usuario6,True,False,True,False,False,False
archivo805,contenido805,usuario6,True,True,False,True,False,False
archivo806,contenido806,usuario10,True,True,True,True,True,False
archivo807,contenido807,usuario9,False,True,True,True,True,True
archivo808,contenido808,usuario9,False,True,False,True,True,False
archivo809,contenido809,usuario7,True,False,False,True,True,True
archivo810,contenido810,usuario2,False,True,True,True,True,True
archivo811,contenido811,usuario6,False,True,False,True,False,True
archivo812,contenido812,usuario3,False,True,False,True,True,False
archivo813,contenido813,usuario8,True,True,True,True,True,False
archivo814,contenido814,usuario10,False,True,True,True,False,True
archivo815,contenido815,usuario5,False,True,False,False,False,False
archivo816,contenido816,usuario1,False,False,False,True,True,True
archivo817,contenido817,usuario2,True,True,True,False,True,True
archivo818,contenido818,usuario9,True,False,True,True,True,True
archivo819,contenido819,usuario3,True,False,True,True,True,False
archivo820,contenido820,usuario2,False,False,False,True,True,False
archivo821,contenido821,usuario1,False,False,True,False,True,False
archivo822,contenido822,usuario2,False,True,False,True,False,True
archivo823,contenido823,usuario4,False,True,True,False,False,True
archivo824,contenido824,usuario8,False,True,False,False,False,False
archivo825,contenido825,usuario8,True,True,True,False,True,False
archivo826,contenido826,usuario3,True,True,True,False,True,False
archivo827,contenido827,usuario10,True,False,True,False,False,True
archivo828,contenido828,usuario1,False,False,True,False,True,False
archivo829,contenido829,usuario1,False,True,False,False,False,True
archivo830,contenido830,usuario1,False,True,False,False,False,False
archivo831,contenido831,usuario4,True,False,False,True,True,False
archivo832,contenido832,usuario8,False,True,False,True,False,True
archivo833,contenido833,usuario6,False,True,False,False,True,False
archivo834,contenido834,usuario7,True,True,False,False,False,False
archivo835,contenido835,usuario5,True,True,True,False,False,True
archivo836,contenido836,usuario4,True,False,True,False,True,False
archivo837,contenido837,usuario7,False,True,True,True,False,False
archivo838,contenido838,usuario4,False,True,True,False,False,False
archivo839,contenido839,usuario3,False,True,False,True,True,True
archivo840,contenido840,usuario2,False,True,True,True,False,False
archivo841,contenido841,usuario1,False,True,True,False,True,True
archivo842,contenido842,usuario5,False,False,False,True,False,False
archivo843,contenido843,usuario2,False,True,False,False,False,False
archivo844,contenido844,usuario5,True,False,True,False,True,True
archivo845,contenido845,usuario1,True,False,True,True,False,True
archivo846,contenido846,usuario4,False,True,False,True,True,False
archivo847,contenido847,usuario5,True,False,True,False,False,True
archivo848,contenido848,usuario6,True,True,True,False,False,False
archivo849,contenido849,usuario7,False,False,False,True,False,False
archivo850,contenido850,usuario8,False,True,True,False,True,False
archivo851,contenido851,usuario8,True,False,True,True,False,False
archivo852,contenido852,usuario5,True,True,False,False,False,True
archivo853,contenido853,usuario6,False,False,True,True,False,True
archivo854,contenido854,usuario9,True,True,False,False,True,True
archivo855,contenido855,usuario10,False,True,True,True,True,False
archivo856,contenido856,usuario1,True,True,True,False,False,True
archivo857,contenido857,usuario8,True,True,False,False,False,True
archivo858,contenido858,usuario5,False,False,False,True,False,False
archivo859,contenido859,usuario8,False,False,True,True,True,False
archivo860,contenido860,usuario3,True,True,True,False,True,True
archivo861,contenido861,usuario10,False,False,False,True,False,False
archivo862,contenido862,usuario4,False,True,False,True,True,True
archivo863,contenido863,usuario1,False,False,False,False,True,False
archivo864,contenido864,usuario1,False,True,False,False,True,True
archivo865,contenido865,usuario3,True,False,False,True,False,True
archivo866,contenido866,usuario10,False,False,True,False,True,False
archivo867,contenido867,usuario9,True,True,True,False,False,False
archivo868,contenido868,usuario6,True,True,False,True,False,False
archivo869,contenido869,usuario8,False,True,True,False,False,False
archivo870,contenido870,usuario3,False,False,False,True,True,False
archivo871,contenido871,usuario4,False,False,True,True,False,False
archivo872,contenido872,usuario5,False,False,False,False,False,True
archivo873,contenido873,usuario5,True,True,False,False,False,False
archivo874,contenido874,usuario2,True,True,False,False,True,False
archivo875,contenido875,usuario6,True,True,False,True,False,False
archivo876,contenido876,usuario1,False,True,True,False,True,True
archivo877,contenido877,usuario8,False,True,True,True,False,False
archivo878,contenido878,usuario8,False,True,True,False,True,False
archivo879,contenido879,usuario5,True,False,True,True,False,True
archivo880,contenido880,usuario7,True,True,False,False,True,True
archivo881,contenido881,usuario10,False,False,False,True,False,False
archivo882,contenido882,usuario2,False,True,True,True,False,True
archivo883,contenido883,usuario5,True,False,True,True,True,True
archivo884,contenido884,usuario1,True,True,True,False,True,True
archivo885,contenido885,usuario1,False,True,True,False,True,True
archivo886,contenido886,usuario1,True,True,True,False,False,False
archivo887,contenido887,usuario8,False,False,False,False,True,True
archivo888,contenido888,usuario2,False,True,True,True,True,False
archivo889,contenido889,usuario5,True,True,True,False,True,False
archivo890,contenido890,usuario4,False,True,False,False,True,True
archivo891,contenido891,usuario1,False,False,True,False,False,False
archivo892,contenido892,usuario6,False,True,False,True,True,False
archivo893,contenido893,usuario7,False,True,False,True,False,True
archivo894,contenido894,usuario4,False,True,True,True,False,True
archivo895,contenido895,usuario1,True,False,False,False,True,False
archivo896,contenido896,usuario10,False,True,True,False,True,False
archivo897,contenido897,usuario8,False,False,False,True,True,True
archivo898,contenido898,usuario3,True,False,True,True,True,False
archivo899,contenido899,usuario3,True,True,True,False,False,False
archivo900,contenido900,usuario9,False,False,True,False,False,False
archivo901,contenido901,usuario6,False,True,False,True,False,True
archivo902,contenido902,usuario9,False,True,True,True,True,True
archivo903,contenido903,usuario6,False,True,False,False,True,True
archivo904,contenido904,usuario6,True,False,False,True,False,True
archivo905,contenido905,usuario3,False,True,False,False,True,False
archivo906,contenido906,usuario4,True,False,False,True,True,False
archivo907,contenido907,usuario2,False,False,True,False,False,True
archivo908,contenido908,usuario5,True,False,True,True,False,False
archivo909,contenido909,usuario7,True,True,False,False,True,True
archivo910,contenido910,usuario5,False,False,False,False,False,False
archivo911,contenido911,usuario6,False,True,True,True,True,True
archivo912,contenido912,usuario10,True,False,False,True,True,False
archivo913,contenido913,usuario6,False,True,False,True,False,False
archivo914,contenido914,usuario8,True,False,False,False,True,False
archivo915,contenido915,usuario7,True,True,True,True,False,False
archivo916,contenido916,usuario8,False,False,True,False,True,True
archivo917,contenido917,usuario7,True,False,True,True,False,True
archivo918,contenido918,usuario4,True,False,True,True,True,True
archivo919,contenido919,usuario1,False,True,True,False,True,True
archivo920,contenido920,usuario4,False,False,False,False,False,True
archivo921,contenido921,usuario10,False,True,True,False,True,False
archivo922,contenido922,usuario2,False,True,True,False,False,True
archivo923,contenido923,usuario5,False,True,True,True,True,False
archivo924,contenido924,usuario3,False,False,True,True,False,True
archivo925,contenido925,usuario5,True,True,True,False,True,False
archivo926,contenido926,usuario8,False,True,True,True,False,False
archivo927,contenido927,usuario10,True,False,False,False,True,False
archivo928,contenido928,usuario5,True,True,False,True,True,False
archivo929,contenido929,usuario9,True,True,True,True,True,False
archivo930,contenido930,usuario3,False,True,True,False,False,False
archivo931,contenido931,usuario9,True,True,True,False,False,False
archivo932,contenido932,usuario10,False,False,False,False,True,False
archivo933,contenido933,usuario4,True,False,True,False,False,False
archivo934,contenido934,usuario5,False,False,False,False,True,False
archivo935,contenido935,usuario10,False,False,False,False,True,False
archivo936,contenido936,usuario5,False,False,True,True,True,True
archivo937,contenido937,usuario7,True,False,False,False,True,False
archivo938,contenido938,usuario4,False,True,True,False,True,True
archivo939,contenido939,usuario5,False,True,True,True,False,True
archivo940,contenido940,usuario1,False,False,True,True,False,False
archivo941,contenido941,usuario9,True,True,False,False,True,True
archivo942,contenido942,usuario6,True,False,True,True,False,True
archivo943,contenido943,usuario10,True,False,False,True,True,False
archivo944,contenido944,usuario1,True,True,True,True,True,False
archivo945,contenido945,usuario3,False,True,True,True,False,False
archivo946,contenido946,usuario6,False,True,True,True,True,True
archivo947,contenido947,usuario2,True,True,True,True,True,True
archivo948,contenido948,usuario4,True,False,False,True,False,True
archivo949,contenido949,usuario8,True,True,False,True,True,False
archivo950,contenido950,usuario1,False,True,False,True,True,True
archivo951,contenido951,usuario10,False,False,False,True,False,False
archivo952,contenido952,usuario9,False,False,True,False,True,True
archivo953,contenido953,usuario5,False,False,False,True,False,False
archivo954,contenido954,usuario7,False,False,False,False,True,True
archivo955,contenido955,usuario3,False,True,True,True,True,False
archivo956,contenido956,usuario10,True,False,True,False,False,False
archivo957,contenido957,usuario9,True,False,True,False,False,True
archivo958,contenido958,usuario10,False,True,True,False,True,True
archivo959,contenido959,usuario9,True,True,False,True,False,False
archivo960,contenido960,usuario2,False,False,True,False,False,False
archivo961,contenido961,usuario8,False,False,True,True,True,True
archivo962,contenido962,usuario8,False,True,True,False,True,True
archivo963,contenido963,usuario5,True,True,True,False,True,True
archivo964,contenido964,usuario8,False,False,False,True,True,True
archivo965,contenido965,usuario9,False,False,True,False,True,True
archivo966,contenido966,usuario5,False,False,False,True,True,False
archivo967,contenido967,usuario8,True,True,True,False,False,True
archivo968,contenido968,usuario2,False,False,False,True,True,False
archivo969,contenido969,usuario1,False,False,False,False,True,False
archivo970,contenido970,usuario3,True,True,True,True,True,False
archivo971,contenido971,usuario2,False,True,True,True,True,False
archivo972,contenido972,usuario6,False,False,True,True,True,False
archivo973,contenido973,usuario1,True,True,False,False,True,True
archivo974,contenido974,usuario1,False,False,False,True,True,True
archivo975,contenido975,usuario3,False,False,True,False,True,False
archivo976,contenido976,usuario9,False,False,False,True,True,True
archivo977,contenido977,usuario5,True,False,True,True,True,False
archivo978,contenido978,usuario9,False,False,False,False,True,False
archivo979,contenido979,usuario4,False,True,True,False,True,False
archivo980,contenido980,usuario4,True,False,True,False,True,True
archivo981,contenido981,usuario10,False,True,False,False,True,False
archivo982,contenido982,usuario5,True,True,False,True,True,False
archivo983,contenido983,usuario10,True,False,True,False,True,False
archivo984,contenido984,usuario3,True,True,True,False,True,False
archivo985,contenido985,usuario9,False,False,False,True,False,True
archivo986,contenido986,usuario10,False,True,False,False,False,True
archivo987,contenido987,usuario2,False,True,False,True,True,True
archivo988,contenido988,usuario8,False,True,True,False,True,True
archivo989,contenido989,usuario10,True,True,True,True,True,True
archivo990,contenido990,usuario5,False,True,False,False,False,False
archivo991,contenido991,usuario2,False,True,True,True,False,True
archivo992,contenido992,usuario6,True,True,False,False,False,False
archivo993,contenido993,usuario5,False,True,True,True,True,True
archivo994,contenido994,usuario10,True,True,False,False,True,False
archivo995,contenido995,usuario6,False,True,False,False,False,True
archivo996,contenido996,usuario6,True,False,True,True,False,False
archivo997,contenido997,usuario1,False,True,True,True,True,True
archivo998,contenido998,usuario8,True,False,False,False,True,False
archivo999,contenido999,usuario1,False,True,True,False,True,False
archivo1000,contenido1000,usuario3,False,False,False,True,False,True
archivo22,uwuwuwu,usuario2,true,true,false,false,true,true
